REF_ID,PRED_ID,LOC_ID,LME_CODE,COUNTRY,STATE,GULF_OCTANT,LOCALE_NAME,LOCALE_TYPE,BAY_HIERARC_LEVEL,SAMP_DEP_REALM,LOC_CENTR_LAT,LOC_CENTR_LONG,LOC_POLY_COORDS,LOC_POLY_SOURCE,LOC_POLY_CONF,MAJOR_LOC_NAME,MAJOR_LOC_TYPE,MIN_DEP_LOC,MAX_DEP_LOC,MN_DEP_LOC,MIN_DEP_SAMP,MAX_DEP_SAMP,MN_DEP_SAMP,TIME_ZONE,START_YEAR,START_MON,START_DAY,START_TIME,START_SEAS,END_YEAR,END_MON,END_DAY,END_TIME,END_SEAS,HAB_SYSTEM,HAB_SUBSYSTEM,TIDAL_ZONE,REALM,PROVINCE,ECOREGION,SYS_CONF,LOC_NOTES,NUM_SAMPS,STA_DATA
16r,Cchr.1,16r.1,GOM,US,LA,NNW,Louisiana inner continental shelf,Continental shelf,NA,Demersal,29.346953,-92.980614,"((-92.6729107838999,29.3941413332999),(-92.5604838626999,29.2066775354),(-92.7326173694,29.1150784684999),(-92.9638307704999,29.1171045174),(-93.3169089704999,29.3616452463),(-93.4007435505999,29.5222620776999),(-93.3169089704999,29.6243402981),(-93.1045280342,29.6340566488),(-92.6729107838999,29.3941413332999))",Inferred from station locations,high,Louisiana continental shelf,Gulf/Ocean waters,9.094,18.188,13.641,9.094,18.188,13.641,CDST,1970,7,NA,0:00,summer,1973,2,NA,0:00,winter,Marine,Nearshore,Subtidal,TNA,WTNA,43,NA,NA,NA,yes
16r,Cchr.1,16r.2,GOM,US,LA,NNW,Louisiana mid continental shelf,Continental shelf,NA,Demersal,29.032598,-92.287009,"((-92.1815365767999,29.1068886358999),(-92.200079333,29.0069336331),(-92.3030548952999,28.9075567952),(-92.4770626883999,28.8892759983999),(-92.5999700862,28.9468493538999),(-92.6034249349,29.0088070450999),(-92.5255192441999,29.0774757406),(-92.3918542331,29.148292841),(-92.2231376575,29.1384141105999),(-92.1815365767999,29.1068886358999))",Inferred from station locations,high,Louisiana continental shelf,Gulf/Ocean waters,18.188,54.564,36.376,18.188,54.564,36.376,CDST,1970,7,NA,0:00,summer,1973,2,NA,0:00,winter,Marine,Offshore,Subtidal,TNA,WTNA,43,NA,NA,NA,yes
16r,Cchr.2,16r.1,GOM,US,LA,NNW,Louisiana inner continental shelf,Continental shelf,NA,Demersal,29.346953,-92.980614,"((-92.6729107838999,29.3941413332999),(-92.5604838626999,29.2066775354),(-92.7326173694,29.1150784684999),(-92.9638307704999,29.1171045174),(-93.3169089704999,29.3616452463),(-93.4007435505999,29.5222620776999),(-93.3169089704999,29.6243402981),(-93.1045280342,29.6340566488),(-92.6729107838999,29.3941413332999))",Inferred from station locations,high,Louisiana continental shelf,Gulf/Ocean waters,9.094,18.188,13.641,9.094,18.188,13.641,CDST,1970,7,NA,0:00,summer,1973,2,NA,0:00,winter,Marine,Nearshore,Subtidal,TNA,WTNA,43,NA,NA,NA,yes
16r,Cchr.2,16r.2,GOM,US,LA,NNW,Louisiana mid continental shelf,Continental shelf,NA,Demersal,29.032598,-92.287009,"((-92.1815365767999,29.1068886358999),(-92.200079333,29.0069336331),(-92.3030548952999,28.9075567952),(-92.4770626883999,28.8892759983999),(-92.5999700862,28.9468493538999),(-92.6034249349,29.0088070450999),(-92.5255192441999,29.0774757406),(-92.3918542331,29.148292841),(-92.2231376575,29.1384141105999),(-92.1815365767999,29.1068886358999))",Inferred from station locations,high,Louisiana continental shelf,Gulf/Ocean waters,18.188,54.564,36.376,18.188,54.564,36.376,CDST,1970,7,NA,0:00,summer,1973,2,NA,0:00,winter,Marine,Offshore,Subtidal,TNA,WTNA,43,NA,NA,NA,yes
16r,Cchr.3,16r.1,GOM,US,LA,NNW,Louisiana inner continental shelf,Continental shelf,NA,Demersal,29.346953,-92.980614,"((-92.6729107838999,29.3941413332999),(-92.5604838626999,29.2066775354),(-92.7326173694,29.1150784684999),(-92.9638307704999,29.1171045174),(-93.3169089704999,29.3616452463),(-93.4007435505999,29.5222620776999),(-93.3169089704999,29.6243402981),(-93.1045280342,29.6340566488),(-92.6729107838999,29.3941413332999))",Inferred from station locations,high,Louisiana continental shelf,Gulf/Ocean waters,9.094,18.188,13.641,9.094,18.188,13.641,CDST,1970,7,NA,0:00,summer,1973,2,NA,0:00,winter,Marine,Nearshore,Subtidal,TNA,WTNA,43,NA,NA,NA,yes
16r,Cchr.3,16r.2,GOM,US,LA,NNW,Louisiana mid continental shelf,Continental shelf,NA,Demersal,29.032598,-92.287009,"((-92.1815365767999,29.1068886358999),(-92.200079333,29.0069336331),(-92.3030548952999,28.9075567952),(-92.4770626883999,28.8892759983999),(-92.5999700862,28.9468493538999),(-92.6034249349,29.0088070450999),(-92.5255192441999,29.0774757406),(-92.3918542331,29.148292841),(-92.2231376575,29.1384141105999),(-92.1815365767999,29.1068886358999))",Inferred from station locations,high,Louisiana continental shelf,Gulf/Ocean waters,18.188,54.564,36.376,18.188,54.564,36.376,CDST,1970,7,NA,0:00,summer,1973,2,NA,0:00,winter,Marine,Offshore,Subtidal,TNA,WTNA,43,NA,NA,NA,yes
16r,Cchr.4,16r.1,GOM,US,LA,NNW,Louisiana inner continental shelf,Continental shelf,NA,Demersal,29.346953,-92.980614,"((-92.6729107838999,29.3941413332999),(-92.5604838626999,29.2066775354),(-92.7326173694,29.1150784684999),(-92.9638307704999,29.1171045174),(-93.3169089704999,29.3616452463),(-93.4007435505999,29.5222620776999),(-93.3169089704999,29.6243402981),(-93.1045280342,29.6340566488),(-92.6729107838999,29.3941413332999))",Inferred from station locations,high,Louisiana continental shelf,Gulf/Ocean waters,9.094,18.188,13.641,9.094,18.188,13.641,CDST,1970,7,NA,0:00,summer,1973,2,NA,0:00,winter,Marine,Nearshore,Subtidal,TNA,WTNA,43,NA,NA,NA,yes
16r,Cchr.5,16r.2,GOM,US,LA,NNW,Louisiana mid continental shelf,Continental shelf,NA,Demersal,29.032598,-92.287009,"((-92.1815365767999,29.1068886358999),(-92.200079333,29.0069336331),(-92.3030548952999,28.9075567952),(-92.4770626883999,28.8892759983999),(-92.5999700862,28.9468493538999),(-92.6034249349,29.0088070450999),(-92.5255192441999,29.0774757406),(-92.3918542331,29.148292841),(-92.2231376575,29.1384141105999),(-92.1815365767999,29.1068886358999))",Inferred from station locations,high,Louisiana continental shelf,Gulf/Ocean waters,18.188,54.564,36.376,18.188,54.564,36.376,CDST,1970,7,NA,0:00,summer,1973,2,NA,0:00,winter,Marine,Offshore,Subtidal,TNA,WTNA,43,NA,NA,NA,yes
24d,Cchr.1,24d.1,GOM,US,TX,WNW,Texas continental shelf,Continental shelf,NA,Demersal,28.036727,-96.111082,"((-97.0695170139999,25.9405966736),(-97.0905586529,26.0953791136),(-97.1654277670999,26.5108660349),(-97.2438620772,26.7689901723999),(-97.2973400159,26.9248554638999),(-97.3044704076999,27.0582831577999),(-97.2830792322999,27.2834787082999),(-97.1440365915999,27.5935630616),(-96.8588209185,27.9594708368),(-96.4951709351999,28.2268087278),(-96.0245650745,28.4715429827),(-95.4576989242,28.6469010021),(-94.8017028759999,28.8844185019),(-94.5307479865,29.0092102107),(-93.962021475,29.3223189769),(-93.8676215464,29.242788602),(-93.7499700812,28.0507550431999),(-94.676921019,27.9720663589999),(-95.0976141368,27.9216754521999),(-95.6038719567,27.8428926296),(-95.9318699808,27.7325005050999),(-96.1956944784,27.5872435295999),(-96.4060410374,27.448121778),(-96.5700400494,27.1947234611),(-96.6128224004,26.9725263766999),(-96.5985616166999,26.7626237682999),(-96.5129969147999,26.4023441707),(-96.4523885841999,25.9608275438999),(-97.0695170139999,25.9405966736))",Inferred from station locations,high,Texas continental shelf,Gulf/Ocean waters,18,64,41,18,64,41,CDST,1981,6,4,0:00,spring,1981,7,3,0:00,summer,Marine,Offshore,Subtidal,TNA,WTNA,43,NA,NA,NA,yes
24d,Cchr.1,24d.2,GOM,US,TX,WNW,Texas coastal waters,Coastal waters,NA,Demersal,27.624085,-95.77403,"((-93.962021475,29.3223189769),(-94.5307479865,29.0092102107),(-94.8017028759999,28.8844185019),(-95.4576989242,28.6469010021),(-96.0245650745,28.4715429827),(-96.4951709351999,28.2268087278),(-96.8588209185,27.9594708368),(-97.1440365915999,27.5935630616),(-97.2830792322999,27.2834787082999),(-97.3044704076999,27.0582831577999),(-97.2973400159,26.9248554638999),(-97.2438620772,26.7689901723999),(-97.1654277670999,26.5108660349),(-97.0905586529,26.0953791136),(-97.0695170139999,25.9405966736),(-97.1404713957,25.9928776233),(-97.1582973752999,26.1305932880999),(-97.1868189425999,26.27773745),(-97.3116007996,26.6830136332),(-97.3722091301,26.8994227355),(-97.3793395218999,27.0328805649),(-97.3579483464999,27.273972604),(-97.2474272731,27.5461576965),(-97.0834282610999,27.7861335356),(-96.9158640530999,28.0098441019999),(-96.7304738656,28.1513925789),(-96.5593444616999,28.2644968398),(-96.3953454496,28.3304189682999),(-96.381084666,28.3868911261999),(-96.1849988907,28.5028783304),(-95.8605660624999,28.6437721721999),(-95.5325680384,28.8000992053999),(-95.2651783448,28.9437133075999),(-95.1510920755,29.0341505011999),(-94.8230940514,29.2614519302),(-94.7018773904,29.3391791254999),(-94.7303989577,29.3702534268),(-94.6697906270999,29.4323735778),(-94.5877911210999,29.4603152586),(-94.2776190766,29.581306899),(-94.1813587869,29.5068676248),(-93.962021475,29.3223189769))",Inferred from station locations,high,Texas coastal waters,Gulf/Ocean waters,9,17,13,9,17,13,CDST,1981,6,4,0:00,spring,1981,7,3,0:00,summer,Marine,Nearshore,Subtidal,TNA,WTNA,43,NA,NA,NA,yes
24d,Cchr.1,24d.1,GOM,US,TX,NNW,Texas continental shelf,Continental shelf,NA,Demersal,28.036727,-96.111082,"((-97.0695170139999,25.9405966736),(-97.0905586529,26.0953791136),(-97.1654277670999,26.5108660349),(-97.2438620772,26.7689901723999),(-97.2973400159,26.9248554638999),(-97.3044704076999,27.0582831577999),(-97.2830792322999,27.2834787082999),(-97.1440365915999,27.5935630616),(-96.8588209185,27.9594708368),(-96.4951709351999,28.2268087278),(-96.0245650745,28.4715429827),(-95.4576989242,28.6469010021),(-94.8017028759999,28.8844185019),(-94.5307479865,29.0092102107),(-93.962021475,29.3223189769),(-93.8676215464,29.242788602),(-93.7499700812,28.0507550431999),(-94.676921019,27.9720663589999),(-95.0976141368,27.9216754521999),(-95.6038719567,27.8428926296),(-95.9318699808,27.7325005050999),(-96.1956944784,27.5872435295999),(-96.4060410374,27.448121778),(-96.5700400494,27.1947234611),(-96.6128224004,26.9725263766999),(-96.5985616166999,26.7626237682999),(-96.5129969147999,26.4023441707),(-96.4523885841999,25.9608275438999),(-97.0695170139999,25.9405966736))",Inferred from station locations,high,Texas continental shelf,Gulf/Ocean waters,18,64,41,18,64,41,CDST,1981,6,4,0:00,spring,1981,7,3,0:00,summer,Marine,Offshore,Subtidal,TNA,WTNA,43,NA,NA,NA,yes
24d,Cchr.1,24d.2,GOM,US,TX,NNW,Texas coastal waters,Coastal waters,NA,Demersal,27.624085,-95.77403,"((-93.962021475,29.3223189769),(-94.5307479865,29.0092102107),(-94.8017028759999,28.8844185019),(-95.4576989242,28.6469010021),(-96.0245650745,28.4715429827),(-96.4951709351999,28.2268087278),(-96.8588209185,27.9594708368),(-97.1440365915999,27.5935630616),(-97.2830792322999,27.2834787082999),(-97.3044704076999,27.0582831577999),(-97.2973400159,26.9248554638999),(-97.2438620772,26.7689901723999),(-97.1654277670999,26.5108660349),(-97.0905586529,26.0953791136),(-97.0695170139999,25.9405966736),(-97.1404713957,25.9928776233),(-97.1582973752999,26.1305932880999),(-97.1868189425999,26.27773745),(-97.3116007996,26.6830136332),(-97.3722091301,26.8994227355),(-97.3793395218999,27.0328805649),(-97.3579483464999,27.273972604),(-97.2474272731,27.5461576965),(-97.0834282610999,27.7861335356),(-96.9158640530999,28.0098441019999),(-96.7304738656,28.1513925789),(-96.5593444616999,28.2644968398),(-96.3953454496,28.3304189682999),(-96.381084666,28.3868911261999),(-96.1849988907,28.5028783304),(-95.8605660624999,28.6437721721999),(-95.5325680384,28.8000992053999),(-95.2651783448,28.9437133075999),(-95.1510920755,29.0341505011999),(-94.8230940514,29.2614519302),(-94.7018773904,29.3391791254999),(-94.7303989577,29.3702534268),(-94.6697906270999,29.4323735778),(-94.5877911210999,29.4603152586),(-94.2776190766,29.581306899),(-94.1813587869,29.5068676248),(-93.962021475,29.3223189769))",Inferred from station locations,high,Texas coastal waters,Gulf/Ocean waters,9,17,13,9,17,13,CDST,1981,6,4,0:00,spring,1981,7,3,0:00,summer,Marine,Nearshore,Subtidal,TNA,WTNA,43,NA,NA,NA,yes
17b,Scav.1,17b.1,GOM,US,FL,NNE,Florida coastal waters,Coastal waters,NA,NA,30.250241,-86.131143,"((-85.4720198691999,29.5049018333),(-85.5174786431,29.6329822498),(-85.5761349365999,29.8367141515999),(-85.6881151333,29.9538263493),(-85.8356445988,30.0307987256999),(-86.0596049921,30.1522933036),(-86.2284640187999,30.2122165532999),(-86.4062103627999,30.2521451273999),(-86.5910665604999,30.2674979523999),(-86.8292653465999,30.2444571447999),(-86.8585088629999,30.2826681151),(-86.8485221475999,30.3530722367),(-86.8202264539,30.3746144013),(-86.7469905405999,30.3832299384),(-86.6571101015999,30.3846657875),(-86.5639007574999,30.3846657875),(-86.4856714864999,30.3731784046999),(-86.4274156464999,30.370306348),(-86.3192262291999,30.3573810492),(-86.1877344759,30.3229052364999),(-86.0529138173999,30.2769186069999),(-85.8648306765999,30.1877581808),(-85.7533123541,30.1186752642),(-85.6800764408999,30.0639503256),(-85.6101694328,30.0351355648999),(-85.5136311834999,29.9616200028),(-85.4437241754,29.9125793922),(-85.422086292,29.8952651715999),(-85.4270796497,29.8548536254),(-85.4237507446,29.7869831717999),(-85.4071062187999,29.7161755831),(-85.4054417661999,29.6915980031999),(-85.4071062187999,29.6641218277999),(-85.4037773137,29.6105940526),(-85.4137640290999,29.5512462792999))",Inferred from description in text,fuzzy,Florida coastal waters,Gulf/Ocean waters,NA,NA,NA,NA,NA,NA,CDST,1968,NA,NA,0:00,spring,1968,NA,NA,0:00,summer,Marine,Nearshore,Subtidal,TNA,WTNA,43,NA,NA,NA,no
17b,Scav.1,17b.2,GOM,US,FL,NNE,Florida coastal waters,Coastal waters,NA,NA,30.250241,-86.131143,"((-85.4720198691999,29.5049018333),(-85.5174786431,29.6329822498),(-85.5761349365999,29.8367141515999),(-85.6881151333,29.9538263493),(-85.8356445988,30.0307987256999),(-86.0596049921,30.1522933036),(-86.2284640187999,30.2122165532999),(-86.4062103627999,30.2521451273999),(-86.5910665604999,30.2674979523999),(-86.8292653465999,30.2444571447999),(-86.8585088629999,30.2826681151),(-86.8485221475999,30.3530722367),(-86.8202264539,30.3746144013),(-86.7469905405999,30.3832299384),(-86.6571101015999,30.3846657875),(-86.5639007574999,30.3846657875),(-86.4856714864999,30.3731784046999),(-86.4274156464999,30.370306348),(-86.3192262291999,30.3573810492),(-86.1877344759,30.3229052364999),(-86.0529138173999,30.2769186069999),(-85.8648306765999,30.1877581808),(-85.7533123541,30.1186752642),(-85.6800764408999,30.0639503256),(-85.6101694328,30.0351355648999),(-85.5136311834999,29.9616200028),(-85.4437241754,29.9125793922),(-85.422086292,29.8952651715999),(-85.4270796497,29.8548536254),(-85.4237507446,29.7869831717999),(-85.4071062187999,29.7161755831),(-85.4054417661999,29.6915980031999),(-85.4071062187999,29.6641218277999),(-85.4037773137,29.6105940526),(-85.4137640290999,29.5512462792999))",Inferred from description in text,fuzzy,Florida coastal waters,Gulf/Ocean waters,NA,NA,NA,NA,NA,NA,CDST,1969,NA,NA,0:00,spring,1969,NA,NA,0:00,summer,Marine,Nearshore,Subtidal,TNA,WTNA,43,NA,NA,NA,no
17b,Scav.1,17b.1,GOM,US,FL,NNE,Florida continental shelf,Continental shelf,NA,NA,30.138342,-86.165264,"((-85.4720198691999,29.5049018333),(-85.4720198691999,29.5049018333),(-85.5635647607,29.4976585958999),(-85.636800674,29.4991072848999),(-85.6883987038,29.5353177711),(-85.7100365871999,29.63374469),(-85.7832725005,29.8014275527),(-85.9081064435,29.9544096645),(-86.1128341100999,30.0509847207),(-86.4690269607999,30.1632968488),(-86.7935952126999,30.1978287288),(-86.8292653465999,30.2444571447999),(-86.5910665604999,30.2674979523999),(-86.4062103627999,30.2521451273999),(-86.2284640187999,30.2122165532999),(-86.0596049921,30.1522933036),(-85.8356445988,30.0307987256999),(-85.6881151333,29.9538263493),(-85.5761349365999,29.8367141515999),(-85.5174786431,29.6329822498),(-85.4720198691999,29.5049018333))",Inferred from description in text,fuzzy,Florida continental shelf,Gulf/Ocean waters,NA,NA,NA,NA,NA,NA,CDST,1968,NA,NA,0:00,spring,1968,NA,NA,0:00,summer,Marine,Offshore,Subtidal,TNA,WTNA,43,NA,NA,NA,no
17b,Scav.1,17b.2,GOM,US,FL,NNE,Florida continental shelf,Continental shelf,NA,NA,30.138342,-86.165264,"((-85.4720198691999,29.5049018333),(-85.4720198691999,29.5049018333),(-85.5635647607,29.4976585958999),(-85.636800674,29.4991072848999),(-85.6883987038,29.5353177711),(-85.7100365871999,29.63374469),(-85.7832725005,29.8014275527),(-85.9081064435,29.9544096645),(-86.1128341100999,30.0509847207),(-86.4690269607999,30.1632968488),(-86.7935952126999,30.1978287288),(-86.8292653465999,30.2444571447999),(-86.5910665604999,30.2674979523999),(-86.4062103627999,30.2521451273999),(-86.2284640187999,30.2122165532999),(-86.0596049921,30.1522933036),(-85.8356445988,30.0307987256999),(-85.6881151333,29.9538263493),(-85.5761349365999,29.8367141515999),(-85.5174786431,29.6329822498),(-85.4720198691999,29.5049018333))",Inferred from description in text,fuzzy,Florida continental shelf,Gulf/Ocean waters,NA,NA,NA,NA,NA,NA,CDST,1969,NA,NA,0:00,spring,1969,NA,NA,0:00,summer,Marine,Offshore,Subtidal,TNA,WTNA,43,NA,NA,NA,no
61b,Scav.1,61b.1,GOM,US,TX,WNW,Lower Laguna Madre,Bay/Lagoon,1,NA,26.347947,-97.27571,"((-97.1946936596999,26.0758837236),(-97.2512829136999,26.0821714184),(-97.2827213881,26.0985194251),(-97.287751544,26.1312154385),(-97.2965543169,26.1551086791),(-97.2978118558999,26.1903197705),(-97.3040995508,26.2192431669),(-97.2990693948,26.2544542583),(-97.3053570896999,26.2858927326999),(-97.3267352522999,26.3110435122999),(-97.3279927913,26.3437395256999),(-97.3355380251999,26.3864958509),(-97.3556586488,26.4129041694),(-97.3908697402,26.4493727997999),(-97.402187591,26.4883565081),(-97.4172780587,26.5348854502),(-97.4172780587,26.5550060739),(-97.3913177155999,26.5868320728),(-97.3430832589999,26.5914747041999),(-97.3217050963999,26.5587786908),(-97.3091297067,26.5210525215),(-97.3066146287,26.4858414300999),(-97.287751544,26.4594331115999),(-97.2701459983999,26.435539871),(-97.2487678357999,26.3940410848),(-97.2286472121,26.3512847595999),(-97.2148142834,26.3022407393999),(-97.1997238155999,26.2544542583),(-97.1921785817999,26.2116979331),(-97.1846333479,26.1651689909),(-97.18211827,26.1249277436999),(-97.1695428801999,26.0846864964),(-97.1607401074,26.0670809506999),(-97.1733154971,26.0607932558),(-97.1896635038,26.0582781779),(-97.1946936596999,26.0758837236))",Determined through research,medium,Lower Laguna Madre system,Bay/Lagoon system,NA,NA,NA,NA,NA,NA,CDST,1971,8,1,0:00,summer,1971,8,3,0:00,summer,Marine,Nearshore,Subtidal,TNA,WTNA,43,NA,NA,NA,no
61b,Scav.1,61b.2,GOM,US,TX,WNW,Offshore of Port Isabel,Coastal waters,NA,NA,26.385325,-97.155392,"((-97.0150517494,25.9552712411999),(-97.0994258356,25.957786019),(-97.1493945166999,25.9863395510999),(-97.1672404743,26.1683683179999),(-97.1815172402999,26.2932900208),(-97.2172091553999,26.4039349576),(-97.2600394534999,26.5609793839999),(-97.2850237940999,26.6466399802),(-97.2957313686,26.6930394697999),(-97.2814546025999,26.7215930019),(-97.1453598585,26.723264084),(-97.1024901843999,26.5256420276),(-97.0738708644,26.3815141106),(-97.0452515443,26.2676861158999),(-97.0255757616999,26.0670134496999),(-97.0150517494,25.9552712411999))",Determined through research,medium,Texas coastal waters,Gulf/Ocean waters,NA,NA,NA,NA,NA,NA,CDST,1971,8,1,0:00,summer,1971,8,3,0:00,summer,Marine,Offshore,Subtidal,TNA,WTNA,43,NA,NA,NA,no
61b,Scav.1,61b.3,GOM,US,TX,WNW,Offshore of Port Isabel,Continental shelf,NA,NA,26.340236,-96.713251,"((-96.3584874496999,25.9357004433999),(-97.0150517494,25.9552712411999),(-97.0255757616999,26.0670134496999),(-97.0452515443,26.2676861158999),(-97.0738708644,26.3815141106),(-97.1024901843999,26.5256420276),(-97.1453598585,26.723264084),(-96.4781750973999,26.7314559669),(-96.4585554826,26.6839739567),(-96.4209926249999,26.6264240705),(-96.3691201073,26.5352441367),(-96.3351346647,26.4375852890999),(-96.3190362972,26.3799116765999),(-96.3226137121999,26.3013652009999),(-96.3244024196999,26.26287402),(-96.3440782022999,26.2372061412),(-96.3530217397999,26.1810378985),(-96.3512330323,26.1216305923999),(-96.3405007873,26.0878994856),(-96.3422894947999,26.028444829),(-96.3458669097999,25.9802162195),(-96.3584874496999,25.9357004433999))",Determined through research,medium,Texas continental shelf,Gulf/Ocean waters,NA,NA,NA,NA,NA,NA,CDST,1971,8,1,0:00,summer,1971,8,3,0:00,summer,Marine,Nearshore,Subtidal,TNA,WTNA,43,NA,NA,NA,no
61b,Scav.1,61b.4,GOM,US,NA,WNW,Offshore of Port Isabel,Continental slope/rise,NA,NA,26.331459,-96.032943,"((-95.58771174,25.9127210949999),(-96.3584874496999,25.9357004433999),(-96.3458669097999,25.9802162195),(-96.3422894947999,26.028444829),(-96.3405007873,26.0878994856),(-96.3512330323,26.1216305923999),(-96.3530217397999,26.1810378985),(-96.3440782022999,26.2372061412),(-96.3244024196999,26.26287402),(-96.3226137121999,26.3013652009999),(-96.3190362972,26.3799116765999),(-96.3351346647,26.4375852890999),(-96.3691201073,26.5352441367),(-96.4209926249999,26.6264240705),(-96.4585554826,26.6839739567),(-96.4781750973999,26.7314559669),(-95.8488067066,26.7391829891),(-95.8440649922,26.6932476001),(-95.782268263,26.697494498),(-95.7489931012,26.6210261326999),(-95.7347323175,26.5530112773),(-95.7299787229,26.4636805226999),(-95.7062107502,26.3615032806),(-95.644414021,26.3061195219999),(-95.6396604263999,26.2464458631),(-95.60163167,26.1952726079),(-95.6063852645999,26.1355420481),(-95.6396604263999,26.0416179975),(-95.6491676156,25.9946277248),(-95.58771174,25.9127210949999))",Determined through research,medium,Continental slope/rise,Gulf/Ocean waters,NA,NA,NA,NA,NA,NA,CDST,1971,8,1,0:00,summer,1971,8,3,0:00,summer,Marine,Offshore,Subtidal,TNA,WTNA,43,NA,NA,NA,no
24d,Mund.1,24d.1,GOM,US,NA,WNW,Texas coastal waters,Coastal waters,NA,Demersal,27.624085,-95.77403,"((-93.962021475,29.3223189769),(-94.5307479865,29.0092102107),(-94.8017028759999,28.8844185019),(-95.4576989242,28.6469010021),(-96.0245650745,28.4715429827),(-96.4951709351999,28.2268087278),(-96.8588209185,27.9594708368),(-97.1440365915999,27.5935630616),(-97.2830792322999,27.2834787082999),(-97.3044704076999,27.0582831577999),(-97.2973400159,26.9248554638999),(-97.2438620772,26.7689901723999),(-97.1654277670999,26.5108660349),(-97.0905586529,26.0953791136),(-97.0695170139999,25.9405966736),(-97.1404713957,25.9928776233),(-97.1582973752999,26.1305932880999),(-97.1868189425999,26.27773745),(-97.3116007996,26.6830136332),(-97.3722091301,26.8994227355),(-97.3793395218999,27.0328805649),(-97.3579483464999,27.273972604),(-97.2474272731,27.5461576965),(-97.0834282610999,27.7861335356),(-96.9158640530999,28.0098441019999),(-96.7304738656,28.1513925789),(-96.5593444616999,28.2644968398),(-96.3953454496,28.3304189682999),(-96.381084666,28.3868911261999),(-96.1849988907,28.5028783304),(-95.8605660624999,28.6437721721999),(-95.5325680384,28.8000992053999),(-95.2651783448,28.9437133075999),(-95.1510920755,29.0341505011999),(-94.8230940514,29.2614519302),(-94.7018773904,29.3391791254999),(-94.7303989577,29.3702534268),(-94.6697906270999,29.4323735778),(-94.5877911210999,29.4603152586),(-94.2776190766,29.581306899),(-94.1813587869,29.5068676248),(-93.962021475,29.3223189769))",Inferred from station locations,high,Texas coastal waters,Gulf/Ocean waters,9,17,13,9,17,13,CDST,1981,6,4,0:00,spring,1981,7,3,0:00,summer,Marine,Nearshore,Subtidal,TNA,WTNA,43,NA,NA,NA,yes
24d,Mund.1,24d.1,GOM,US,NA,NNW,Texas coastal waters,Coastal waters,NA,Demersal,27.624085,-95.77403,"((-93.962021475,29.3223189769),(-94.5307479865,29.0092102107),(-94.8017028759999,28.8844185019),(-95.4576989242,28.6469010021),(-96.0245650745,28.4715429827),(-96.4951709351999,28.2268087278),(-96.8588209185,27.9594708368),(-97.1440365915999,27.5935630616),(-97.2830792322999,27.2834787082999),(-97.3044704076999,27.0582831577999),(-97.2973400159,26.9248554638999),(-97.2438620772,26.7689901723999),(-97.1654277670999,26.5108660349),(-97.0905586529,26.0953791136),(-97.0695170139999,25.9405966736),(-97.1404713957,25.9928776233),(-97.1582973752999,26.1305932880999),(-97.1868189425999,26.27773745),(-97.3116007996,26.6830136332),(-97.3722091301,26.8994227355),(-97.3793395218999,27.0328805649),(-97.3579483464999,27.273972604),(-97.2474272731,27.5461576965),(-97.0834282610999,27.7861335356),(-96.9158640530999,28.0098441019999),(-96.7304738656,28.1513925789),(-96.5593444616999,28.2644968398),(-96.3953454496,28.3304189682999),(-96.381084666,28.3868911261999),(-96.1849988907,28.5028783304),(-95.8605660624999,28.6437721721999),(-95.5325680384,28.8000992053999),(-95.2651783448,28.9437133075999),(-95.1510920755,29.0341505011999),(-94.8230940514,29.2614519302),(-94.7018773904,29.3391791254999),(-94.7303989577,29.3702534268),(-94.6697906270999,29.4323735778),(-94.5877911210999,29.4603152586),(-94.2776190766,29.581306899),(-94.1813587869,29.5068676248),(-93.962021475,29.3223189769))",Inferred from station locations,high,Texas coastal waters,Gulf/Ocean waters,9,17,13,9,17,13,CDST,1981,6,4,0:00,spring,1981,7,3,0:00,summer,Marine,Nearshore,Subtidal,TNA,WTNA,43,NA,NA,NA,yes
24d,Mund.2,24d.2,GOM,US,TX,WNW,Texas continental shelf 18-26m,Continental shelf,NA,Demersal,28.352929,-96.339331,"((-93.8210219128,28.7722674064),(-94.5414435742,28.7282178006),(-95.3043954998999,28.6249972329999),(-95.6359587199,28.5091442837),(-95.7892621441999,28.3272807455),(-95.8570008666,28.2644968398),(-96.1457817355999,28.2236674508),(-96.4523885841999,28.0696317690999),(-96.6734307308999,27.8586537784),(-96.876646898,27.6504224504),(-97.004993951,27.5461576965),(-97.0762978692,27.3879921298),(-97.1547321792999,27.2898156593999),(-97.1939493344,27.1598359764),(-97.1761233547999,26.8930636581999),(-97.1155150242999,26.6415943702),(-97.0762978692,26.5491434276999),(-97.044211106,26.3704065236),(-96.9907331672999,26.2169830602999),(-96.9657767958999,26.0921772991),(-97.0299503223999,26.0505457386999),(-96.9876263578999,25.9432814351999),(-97.0695170139999,25.9405966736),(-97.0905586529,26.0953791136),(-97.1654277670999,26.5108660349),(-97.2438620772,26.7689901723999),(-97.2973400159,26.9248554638999),(-97.3044704076999,27.0582831577999),(-97.2830792322999,27.2834787082999),(-97.1440365915999,27.5935630616),(-96.8588209185,27.9594708368),(-96.4951709351999,28.2268087278),(-96.0245650745,28.4715429827),(-95.4576989242,28.6469010021),(-94.8017028759999,28.8844185019),(-94.5307479865,29.0092102107),(-93.962021475,29.3223189769),(-93.8676215464,29.242788602),(-93.8210219128,28.7722674064))",Inferred from station locations,high,Texas continental shelf,Gulf/Ocean waters,18,26,22,18,26,22,CDST,1981,6,4,0:00,spring,1981,7,3,0:00,summer,Marine,Nearshore,Subtidal,TNA,WTNA,43,NA,NA,NA,yes
24d,Mund.2,24d.2,GOM,US,TX,NNW,Texas continental shelf 18-26m,Continental shelf,NA,Demersal,28.352929,-96.339331,"((-93.8210219128,28.7722674064),(-94.5414435742,28.7282178006),(-95.3043954998999,28.6249972329999),(-95.6359587199,28.5091442837),(-95.7892621441999,28.3272807455),(-95.8570008666,28.2644968398),(-96.1457817355999,28.2236674508),(-96.4523885841999,28.0696317690999),(-96.6734307308999,27.8586537784),(-96.876646898,27.6504224504),(-97.004993951,27.5461576965),(-97.0762978692,27.3879921298),(-97.1547321792999,27.2898156593999),(-97.1939493344,27.1598359764),(-97.1761233547999,26.8930636581999),(-97.1155150242999,26.6415943702),(-97.0762978692,26.5491434276999),(-97.044211106,26.3704065236),(-96.9907331672999,26.2169830602999),(-96.9657767958999,26.0921772991),(-97.0299503223999,26.0505457386999),(-96.9876263578999,25.9432814351999),(-97.0695170139999,25.9405966736),(-97.0905586529,26.0953791136),(-97.1654277670999,26.5108660349),(-97.2438620772,26.7689901723999),(-97.2973400159,26.9248554638999),(-97.3044704076999,27.0582831577999),(-97.2830792322999,27.2834787082999),(-97.1440365915999,27.5935630616),(-96.8588209185,27.9594708368),(-96.4951709351999,28.2268087278),(-96.0245650745,28.4715429827),(-95.4576989242,28.6469010021),(-94.8017028759999,28.8844185019),(-94.5307479865,29.0092102107),(-93.962021475,29.3223189769),(-93.8676215464,29.242788602),(-93.8210219128,28.7722674064))",Inferred from station locations,high,Texas continental shelf,Gulf/Ocean waters,18,26,22,18,26,22,CDST,1981,6,4,0:00,spring,1981,7,3,0:00,summer,Marine,Nearshore,Subtidal,TNA,WTNA,43,NA,NA,NA,yes
24d,Mund.3,24d.3,GOM,US,TX,WNW,Texas continental shelf 27-36m,Continental shelf,NA,Demersal,28.262869,-96.273724,"((-93.8025395715,28.5850577747999),(-94.7399061467999,28.5310721892),(-95.0108610363,28.443333221),(-95.2295263856999,28.3053105918),(-95.6573498954,28.1712992291999),(-95.8617544611,28.1545359803),(-95.9283047849,28.1671086632),(-96.0471446486999,28.0539013942999),(-96.2658099980999,27.9951543307),(-96.4179250236999,27.944774203),(-96.669865535,27.7303967106),(-96.807719777,27.5872435295999),(-96.8172269660999,27.4945152453),(-96.9408204245,27.4439032217999),(-97.031138721,27.2708037218),(-97.0596602882999,27.0551081481999),(-97.031138721,26.7031868000999),(-96.9740955863999,26.3970218428999),(-96.893284479,26.3416550928),(-96.8647629116999,26.1668634576),(-96.9166666666999,26.1388888888999),(-96.8838536875999,25.9466835043),(-96.9876263578999,25.9432814351999),(-97.0299503223999,26.0505457386999),(-96.9657767958999,26.0921772991),(-96.9907331672999,26.2169830602999),(-97.044211106,26.3704065236),(-97.0762978692,26.5491434276999),(-97.1155150242999,26.6415943702),(-97.1761233547999,26.8930636581999),(-97.1939493344,27.1598359764),(-97.1547321792999,27.2898156593999),(-97.0762978692,27.3879921298),(-97.004993951,27.5461576965),(-96.876646898,27.6504224504),(-96.6734307308999,27.8586537784),(-96.4523885841999,28.0696317690999),(-96.1457817355999,28.2236674508),(-95.8570008666,28.2644968398),(-95.7892621441999,28.3272807455),(-95.6359587199,28.5091442837),(-95.3043954998999,28.6249972329999),(-94.5414435742,28.7282178006),(-93.8210219128,28.7722674064),(-93.8025395715,28.5850577747999))",Inferred from station locations,high,Texas continental shelf,Gulf/Ocean waters,27,36,31.5,27,36,31.5,CDST,1981,6,4,0:00,spring,1981,7,3,0:00,summer,Marine,Nearshore,Subtidal,TNA,WTNA,43,NA,NA,NA,yes
24d,Mund.3,24d.3,GOM,US,TX,NNW,Texas continental shelf 27-36m,Continental shelf,NA,Demersal,28.262869,-96.273724,"((-93.8025395715,28.5850577747999),(-94.7399061467999,28.5310721892),(-95.0108610363,28.443333221),(-95.2295263856999,28.3053105918),(-95.6573498954,28.1712992291999),(-95.8617544611,28.1545359803),(-95.9283047849,28.1671086632),(-96.0471446486999,28.0539013942999),(-96.2658099980999,27.9951543307),(-96.4179250236999,27.944774203),(-96.669865535,27.7303967106),(-96.807719777,27.5872435295999),(-96.8172269660999,27.4945152453),(-96.9408204245,27.4439032217999),(-97.031138721,27.2708037218),(-97.0596602882999,27.0551081481999),(-97.031138721,26.7031868000999),(-96.9740955863999,26.3970218428999),(-96.893284479,26.3416550928),(-96.8647629116999,26.1668634576),(-96.9166666666999,26.1388888888999),(-96.8838536875999,25.9466835043),(-96.9876263578999,25.9432814351999),(-97.0299503223999,26.0505457386999),(-96.9657767958999,26.0921772991),(-96.9907331672999,26.2169830602999),(-97.044211106,26.3704065236),(-97.0762978692,26.5491434276999),(-97.1155150242999,26.6415943702),(-97.1761233547999,26.8930636581999),(-97.1939493344,27.1598359764),(-97.1547321792999,27.2898156593999),(-97.0762978692,27.3879921298),(-97.004993951,27.5461576965),(-96.876646898,27.6504224504),(-96.6734307308999,27.8586537784),(-96.4523885841999,28.0696317690999),(-96.1457817355999,28.2236674508),(-95.8570008666,28.2644968398),(-95.7892621441999,28.3272807455),(-95.6359587199,28.5091442837),(-95.3043954998999,28.6249972329999),(-94.5414435742,28.7282178006),(-93.8210219128,28.7722674064),(-93.8025395715,28.5850577747999))",Inferred from station locations,high,Texas continental shelf,Gulf/Ocean waters,27,36,31.5,27,36,31.5,CDST,1981,6,4,0:00,spring,1981,7,3,0:00,summer,Marine,Nearshore,Subtidal,TNA,WTNA,43,NA,NA,NA,yes
24d,Mund.4,24d.4,GOM,US,TX,WNW,Texas continental shelf  37-45m,Continental shelf,NA,Demersal,28.113374,-96.171643,"((-93.7889829048999,28.4475284809999),(-94.49271923,28.4140707046999),(-94.5259943918999,28.2801962879999),(-95.5432636261,28.0790688887),(-95.9378119739999,28.0035487309),(-96.2277812415999,27.8985717653),(-96.4369394019,27.8523495937),(-96.5510256711999,27.7640525469),(-96.5652864549,27.6588435516),(-96.7649374261,27.4312465854),(-96.8837772898999,27.2327700903999),(-96.8885308843999,26.6649609311),(-96.7651715772999,25.9505742421),(-96.8734937284,25.9470231385),(-96.8838536875999,25.9466835043),(-96.9166666666999,26.1388888888999),(-96.8647629116999,26.1668634576),(-96.893284479,26.3416550928),(-96.9740955863999,26.3970218428999),(-97.031138721,26.7031868000999),(-97.0596602882999,27.0551081481999),(-97.031138721,27.2708037218),(-96.9408204245,27.4439032217999),(-96.8172269660999,27.4945152453),(-96.807719777,27.5872435295999),(-96.669865535,27.7303967106),(-96.4179250236999,27.944774203),(-96.2658099980999,27.9951543307),(-96.0471446486999,28.0539013942999),(-95.9283047849,28.1671086632),(-95.8617544611,28.1545359803),(-95.6573498954,28.1712992291999),(-95.2295263856999,28.3053105918),(-95.0108610363,28.443333221),(-94.7399061467999,28.5310721892),(-93.8025395715,28.5850577747999),(-93.7889829048999,28.4475284809999))",Inferred from station locations,high,Texas continental shelf,Gulf/Ocean waters,37,45,41,37,45,41,CDST,1981,6,4,0:00,spring,1981,7,3,0:00,summer,Marine,Nearshore,Subtidal,TNA,WTNA,43,NA,NA,NA,yes
24d,Mund.4,24d.4,GOM,US,TX,NNW,Texas continental shelf  37-45m,Continental shelf,NA,Demersal,28.113374,-96.171643,"((-93.7889829048999,28.4475284809999),(-94.49271923,28.4140707046999),(-94.5259943918999,28.2801962879999),(-95.5432636261,28.0790688887),(-95.9378119739999,28.0035487309),(-96.2277812415999,27.8985717653),(-96.4369394019,27.8523495937),(-96.5510256711999,27.7640525469),(-96.5652864549,27.6588435516),(-96.7649374261,27.4312465854),(-96.8837772898999,27.2327700903999),(-96.8885308843999,26.6649609311),(-96.7651715772999,25.9505742421),(-96.8734937284,25.9470231385),(-96.8838536875999,25.9466835043),(-96.9166666666999,26.1388888888999),(-96.8647629116999,26.1668634576),(-96.893284479,26.3416550928),(-96.9740955863999,26.3970218428999),(-97.031138721,26.7031868000999),(-97.0596602882999,27.0551081481999),(-97.031138721,27.2708037218),(-96.9408204245,27.4439032217999),(-96.8172269660999,27.4945152453),(-96.807719777,27.5872435295999),(-96.669865535,27.7303967106),(-96.4179250236999,27.944774203),(-96.2658099980999,27.9951543307),(-96.0471446486999,28.0539013942999),(-95.9283047849,28.1671086632),(-95.8617544611,28.1545359803),(-95.6573498954,28.1712992291999),(-95.2295263856999,28.3053105918),(-95.0108610363,28.443333221),(-94.7399061467999,28.5310721892),(-93.8025395715,28.5850577747999),(-93.7889829048999,28.4475284809999))",Inferred from station locations,high,Texas continental shelf,Gulf/Ocean waters,37,45,41,37,45,41,CDST,1981,6,4,0:00,spring,1981,7,3,0:00,summer,Marine,Nearshore,Subtidal,TNA,WTNA,43,NA,NA,NA,yes
24d,Mund.5,24d.5,GOM,US,TX,WNW,Texas continental shelf  46-54m,Continental shelf,NA,Demersal,27.997875,-96.080301,"((-93.7749821793999,28.3053063422),(-94.4546904735999,28.2299499123999),(-95.2200191966,28.0874567432999),(-96.1802452960999,27.8481466004),(-96.4607073746999,27.6883122972),(-96.6603583458999,27.4776471535),(-96.7649374261,27.2243164068),(-96.7078942913999,26.27773745),(-96.6366487419,25.9547874418),(-96.7651715772999,25.9505742421),(-96.8885308843999,26.6649609311),(-96.8837772898999,27.2327700903999),(-96.7649374261,27.4312465854),(-96.5652864549,27.6588435516),(-96.5510256711999,27.7640525469),(-96.4369394019,27.8523495937),(-96.2277812415999,27.8985717653),(-95.9378119739999,28.0035487309),(-95.5432636261,28.0790688887),(-94.5259943918999,28.2801962879999),(-94.49271923,28.4140707046999),(-93.7889829048999,28.4475284809999),(-93.7749821793999,28.3053063422))",Inferred from station locations,high,Texas continental shelf,Gulf/Ocean waters,46,54,50,46,54,50,CDST,1981,6,4,0:00,spring,1981,7,3,0:00,summer,Marine,Nearshore,Subtidal,TNA,WTNA,43,NA,NA,NA,yes
24d,Mund.5,24d.5,GOM,US,TX,NNW,Texas continental shelf  46-54m,Continental shelf,NA,Demersal,27.997875,-96.080301,"((-93.7749821793999,28.3053063422),(-94.4546904735999,28.2299499123999),(-95.2200191966,28.0874567432999),(-96.1802452960999,27.8481466004),(-96.4607073746999,27.6883122972),(-96.6603583458999,27.4776471535),(-96.7649374261,27.2243164068),(-96.7078942913999,26.27773745),(-96.6366487419,25.9547874418),(-96.7651715772999,25.9505742421),(-96.8885308843999,26.6649609311),(-96.8837772898999,27.2327700903999),(-96.7649374261,27.4312465854),(-96.5652864549,27.6588435516),(-96.5510256711999,27.7640525469),(-96.4369394019,27.8523495937),(-96.2277812415999,27.8985717653),(-95.9378119739999,28.0035487309),(-95.5432636261,28.0790688887),(-94.5259943918999,28.2801962879999),(-94.49271923,28.4140707046999),(-93.7889829048999,28.4475284809999),(-93.7749821793999,28.3053063422))",Inferred from station locations,high,Texas continental shelf,Gulf/Ocean waters,46,54,50,46,54,50,CDST,1981,6,4,0:00,spring,1981,7,3,0:00,summer,Marine,Nearshore,Subtidal,TNA,WTNA,43,NA,NA,NA,yes
24d,Mund.6,24d.6,GOM,US,TX,WNW,Texas coastal waters,Coastal waters,NA,Demersal,27.624085,-95.77403,"((-93.962021475,29.3223189769),(-94.5307479865,29.0092102107),(-94.8017028759999,28.8844185019),(-95.4576989242,28.6469010021),(-96.0245650745,28.4715429827),(-96.4951709351999,28.2268087278),(-96.8588209185,27.9594708368),(-97.1440365915999,27.5935630616),(-97.2830792322999,27.2834787082999),(-97.3044704076999,27.0582831577999),(-97.2973400159,26.9248554638999),(-97.2438620772,26.7689901723999),(-97.1654277670999,26.5108660349),(-97.0905586529,26.0953791136),(-97.0695170139999,25.9405966736),(-97.1404713957,25.9928776233),(-97.1582973752999,26.1305932880999),(-97.1868189425999,26.27773745),(-97.3116007996,26.6830136332),(-97.3722091301,26.8994227355),(-97.3793395218999,27.0328805649),(-97.3579483464999,27.273972604),(-97.2474272731,27.5461576965),(-97.0834282610999,27.7861335356),(-96.9158640530999,28.0098441019999),(-96.7304738656,28.1513925789),(-96.5593444616999,28.2644968398),(-96.3953454496,28.3304189682999),(-96.381084666,28.3868911261999),(-96.1849988907,28.5028783304),(-95.8605660624999,28.6437721721999),(-95.5325680384,28.8000992053999),(-95.2651783448,28.9437133075999),(-95.1510920755,29.0341505011999),(-94.8230940514,29.2614519302),(-94.7018773904,29.3391791254999),(-94.7303989577,29.3702534268),(-94.6697906270999,29.4323735778),(-94.5877911210999,29.4603152586),(-94.2776190766,29.581306899),(-94.1813587869,29.5068676248),(-93.962021475,29.3223189769))",Inferred from station locations,high,Texas coastal waters,Gulf/Ocean waters,9,17,13,9,17,13,CDST,1981,6,4,0:00,spring,1981,7,3,0:00,summer,Marine,Nearshore,Subtidal,TNA,WTNA,43,NA,NA,NA,yes
24d,Mund.6,24d.6,GOM,US,TX,NNW,Texas coastal waters,Coastal waters,NA,Demersal,27.624085,-95.77403,"((-93.962021475,29.3223189769),(-94.5307479865,29.0092102107),(-94.8017028759999,28.8844185019),(-95.4576989242,28.6469010021),(-96.0245650745,28.4715429827),(-96.4951709351999,28.2268087278),(-96.8588209185,27.9594708368),(-97.1440365915999,27.5935630616),(-97.2830792322999,27.2834787082999),(-97.3044704076999,27.0582831577999),(-97.2973400159,26.9248554638999),(-97.2438620772,26.7689901723999),(-97.1654277670999,26.5108660349),(-97.0905586529,26.0953791136),(-97.0695170139999,25.9405966736),(-97.1404713957,25.9928776233),(-97.1582973752999,26.1305932880999),(-97.1868189425999,26.27773745),(-97.3116007996,26.6830136332),(-97.3722091301,26.8994227355),(-97.3793395218999,27.0328805649),(-97.3579483464999,27.273972604),(-97.2474272731,27.5461576965),(-97.0834282610999,27.7861335356),(-96.9158640530999,28.0098441019999),(-96.7304738656,28.1513925789),(-96.5593444616999,28.2644968398),(-96.3953454496,28.3304189682999),(-96.381084666,28.3868911261999),(-96.1849988907,28.5028783304),(-95.8605660624999,28.6437721721999),(-95.5325680384,28.8000992053999),(-95.2651783448,28.9437133075999),(-95.1510920755,29.0341505011999),(-94.8230940514,29.2614519302),(-94.7018773904,29.3391791254999),(-94.7303989577,29.3702534268),(-94.6697906270999,29.4323735778),(-94.5877911210999,29.4603152586),(-94.2776190766,29.581306899),(-94.1813587869,29.5068676248),(-93.962021475,29.3223189769))",Inferred from station locations,high,Texas coastal waters,Gulf/Ocean waters,9,17,13,9,17,13,CDST,1981,6,4,0:00,spring,1981,7,3,0:00,summer,Marine,Nearshore,Subtidal,TNA,WTNA,43,NA,NA,NA,yes
24d,Mund.7,24d.7,GOM,US,TX,WNW,Texas continental shelf  18->64m,Continental shelf,NA,Demersal,28.036727,-96.111082,"((-97.0695170139999,25.9405966736),(-97.0905586529,26.0953791136),(-97.1654277670999,26.5108660349),(-97.2438620772,26.7689901723999),(-97.2973400159,26.9248554638999),(-97.3044704076999,27.0582831577999),(-97.2830792322999,27.2834787082999),(-97.1440365915999,27.5935630616),(-96.8588209185,27.9594708368),(-96.4951709351999,28.2268087278),(-96.0245650745,28.4715429827),(-95.4576989242,28.6469010021),(-94.8017028759999,28.8844185019),(-94.5307479865,29.0092102107),(-93.962021475,29.3223189769),(-93.8676215464,29.242788602),(-93.7499700812,28.0507550431999),(-94.676921019,27.9720663589999),(-95.0976141368,27.9216754521999),(-95.6038719567,27.8428926296),(-95.9318699808,27.7325005050999),(-96.1956944784,27.5872435295999),(-96.4060410374,27.448121778),(-96.5700400494,27.1947234611),(-96.6128224004,26.9725263766999),(-96.5985616166999,26.7626237682999),(-96.5129969147999,26.4023441707),(-96.4523885841999,25.9608275438999),(-97.0695170139999,25.9405966736))",Inferred from station locations,high,Texas continental shelf,Gulf/Ocean waters,18,>64,41,18,>64,41,CDST,1981,6,4,0:00,spring,1981,7,3,0:00,summer,Marine,Nearshore,Subtidal,TNA,WTNA,43,NA,NA,NA,yes
24d,Mund.7,24d.7,GOM,US,TX,NNW,Texas continental shelf  18->64m,Continental shelf,NA,Demersal,28.036727,-96.111082,"((-97.0695170139999,25.9405966736),(-97.0905586529,26.0953791136),(-97.1654277670999,26.5108660349),(-97.2438620772,26.7689901723999),(-97.2973400159,26.9248554638999),(-97.3044704076999,27.0582831577999),(-97.2830792322999,27.2834787082999),(-97.1440365915999,27.5935630616),(-96.8588209185,27.9594708368),(-96.4951709351999,28.2268087278),(-96.0245650745,28.4715429827),(-95.4576989242,28.6469010021),(-94.8017028759999,28.8844185019),(-94.5307479865,29.0092102107),(-93.962021475,29.3223189769),(-93.8676215464,29.242788602),(-93.7499700812,28.0507550431999),(-94.676921019,27.9720663589999),(-95.0976141368,27.9216754521999),(-95.6038719567,27.8428926296),(-95.9318699808,27.7325005050999),(-96.1956944784,27.5872435295999),(-96.4060410374,27.448121778),(-96.5700400494,27.1947234611),(-96.6128224004,26.9725263766999),(-96.5985616166999,26.7626237682999),(-96.5129969147999,26.4023441707),(-96.4523885841999,25.9608275438999),(-97.0695170139999,25.9405966736))",Inferred from station locations,high,Texas continental shelf,Gulf/Ocean waters,18,>64,41,18,>64,41,CDST,1981,6,4,0:00,spring,1981,7,3,0:00,summer,Marine,Nearshore,Subtidal,TNA,WTNA,43,NA,NA,NA,yes
16r,Mund.1,16r.1,GOM,US,TX,WNW,Texas inner continental shelf,Coastal waters,NA,Demersal,28.203419,-96.48071,"((-96.3369293857,28.3072004885999),(-96.3349538542999,28.2204240896),(-96.5168968309999,28.0756361679),(-96.7932495589,27.909722158),(-96.917980013,27.9545015548),(-96.8938510549999,28.0380571954),(-96.6870590908,28.1908721705),(-96.4411443224,28.3237913717999),(-96.3369293857,28.3072004885999))",Inferred from station locations,high,Texas coastal waters,Gulf/Ocean waters,9.094,18.188,13.641,9.094,18.188,13.641,CDST,1970,7,NA,0:00,summer,1973,2,NA,0:00,winter,Marine,Nearshore,Subtidal,TNA,WTNA,43,NA,NA,NA,yes
16r,Mund.1,16r.2,GOM,US,TX,NNW,Texas mid continental shelf,Continental shelf,NA,Demersal,29.271711,-94.647084,"((-94.4123474839,29.3129233499999),(-94.5353048679999,29.1812580478),(-94.7131612308999,29.1791853155),(-94.7253299162999,29.2495500946999),(-94.7029740282,29.3421592820999),(-94.524126924,29.4103438451),(-94.4123474839,29.3129233499999))",Inferred from station locations,high,Texas continental shelf,Gulf/Ocean waters,18.188,54.564,36.376,18.188,54.564,36.376,CDST,1970,7,NA,0:00,summer,1973,2,NA,0:00,winter,Marine,Nearshore,Subtidal,TNA,WTNA,43,NA,NA,NA,yes
16r,Mund.1,16r.3,GOM,US,LA,NNW,Louisiana mid continental shelf,Continental shelf,NA,Demersal,29.490015,-93.161911,"((-93.4007435505999,29.5222620776999),(-93.3169089704999,29.6243402981),(-93.1045280342,29.6340566488),(-92.8977360699,29.5076710541),(-93.0151044821,29.3519027301),(-93.3169089704999,29.3616452463),(-93.4007435505999,29.5222620776999))",Inferred from station locations,high,Louisiana continental shelf,Gulf/Ocean waters,18.188,54.564,36.376,18.188,54.564,36.376,CDST,1970,7,NA,0:00,summer,1973,2,NA,0:00,winter,Marine,Nearshore,Subtidal,TNA,WTNA,43,NA,NA,NA,yes
16r,Mund.1,16r.4,GOM,US,LA,NNE,Louisiana mid continental shelf,Continental shelf,NA,Demersal,29.167662,-89.856345,"((-89.7560812958,29.0956678462),(-89.8991979917999,29.0539738579999),(-90.0025600498999,29.1512335739),(-89.9469035571,29.2553383165),(-89.7958359336,29.2692109565999),(-89.7083757304999,29.185946901),(-89.7560812958,29.0956678462))",Inferred from station locations,high,Louisiana continental shelf,Gulf/Ocean waters,18.188,54.564,36.376,18.188,54.564,36.376,CDST,1970,7,NA,0:00,summer,1973,2,NA,0:00,winter,Marine,Nearshore,Subtidal,TNA,WTNA,43,NA,NA,NA,yes
16r,Mund.1,16r.5,GOM,US,LA,NNE,Louisiana mid continental shelf,Continental shelf,NA,Demersal,29.004899,-89.155282,"((-89.0643505988,29.2137091079),(-88.8450695002999,29.2279223614),(-88.8258227723,29.026168497),(-89.0882033814999,28.8452512894999),(-89.2651013879,28.9076033085999),(-89.2551728601,29.0609240273999),(-89.0643505988,29.2137091079))",Inferred from station locations,high,Louisiana continental shelf,Gulf/Ocean waters,18.188,54.564,36.376,18.188,54.564,36.376,CDST,1970,7,NA,0:00,summer,1973,2,NA,0:00,winter,Marine,Nearshore,Subtidal,TNA,WTNA,43,NA,NA,NA,yes
16r,Mund.1,16r.6,GOM,US,MS,NNE,Mississippi inner continental shelf,Coastal waters,NA,Demersal,29.961948,-88.907595,"((-88.8814792650999,29.6085013016999),(-89.0484487437,29.6983264371999),(-89.1200070917,30.2218473492999),(-88.8814792650999,30.3111201655),(-88.7065588589999,30.2149768485999),(-88.6951819581999,29.7086788706),(-88.8814792650999,29.6085013016999))",Inferred from station locations,high,Mississippi coastal waters,Gulf/Ocean waters,9.094,18.188,13.641,9.094,18.188,13.641,CDST,1970,7,NA,0:00,summer,1973,2,NA,0:00,winter,Marine,Nearshore,Subtidal,TNA,WTNA,43,NA,NA,NA,yes
16r,Mund.2,16r.7,GOM,US,TX,WNW,Texas inner continental shelf,Coastal waters,NA,Demersal,28.203419,-96.48071,"((-96.3369293857,28.3072004885999),(-96.3349538542999,28.2204240896),(-96.5168968309999,28.0756361679),(-96.7932495589,27.909722158),(-96.917980013,27.9545015548),(-96.8938510549999,28.0380571954),(-96.6870590908,28.1908721705),(-96.4411443224,28.3237913717999),(-96.3369293857,28.3072004885999))",Inferred from station locations,high,Texas coastal waters,Gulf/Ocean waters,9.094,18.188,13.641,9.094,18.188,13.641,CDST,1970,7,NA,0:00,summer,1973,2,NA,0:00,winter,Marine,Nearshore,Subtidal,TNA,WTNA,43,NA,NA,NA,yes
16r,Mund.2,16r.8,GOM,US,TX,NNW,Texas mid continental shelf,Continental shelf,NA,Demersal,29.271711,-94.647084,"((-94.4123474839,29.3129233499999),(-94.5353048679999,29.1812580478),(-94.7131612308999,29.1791853155),(-94.7253299162999,29.2495500946999),(-94.7029740282,29.3421592820999),(-94.524126924,29.4103438451),(-94.4123474839,29.3129233499999))",Inferred from station locations,high,Texas continental shelf,Gulf/Ocean waters,18.188,54.564,36.376,18.188,54.564,36.376,CDST,1970,7,NA,0:00,summer,1973,2,NA,0:00,winter,Marine,Nearshore,Subtidal,TNA,WTNA,43,NA,NA,NA,yes
16r,Mund.2,16r.9,GOM,US,LA,NNW,Louisiana mid continental shelf,Continental shelf,NA,Demersal,29.490015,-93.161911,"((-93.4007435505999,29.5222620776999),(-93.3169089704999,29.6243402981),(-93.1045280342,29.6340566488),(-92.8977360699,29.5076710541),(-93.0151044821,29.3519027301),(-93.3169089704999,29.3616452463),(-93.4007435505999,29.5222620776999))",Inferred from station locations,high,Louisiana continental shelf,Gulf/Ocean waters,18.188,54.564,36.376,18.188,54.564,36.376,CDST,1970,7,NA,0:00,summer,1973,2,NA,0:00,winter,Marine,Nearshore,Subtidal,TNA,WTNA,43,NA,NA,NA,yes
16r,Mund.2,16r.10,GOM,US,LA,NNE,Louisiana mid continental shelf,Continental shelf,NA,Demersal,29.167662,-89.856345,"((-89.7560812958,29.0956678462),(-89.8991979917999,29.0539738579999),(-90.0025600498999,29.1512335739),(-89.9469035571,29.2553383165),(-89.7958359336,29.2692109565999),(-89.7083757304999,29.185946901),(-89.7560812958,29.0956678462))",Inferred from station locations,high,Louisiana continental shelf,Gulf/Ocean waters,18.188,54.564,36.376,18.188,54.564,36.376,CDST,1970,7,NA,0:00,summer,1973,2,NA,0:00,winter,Marine,Nearshore,Subtidal,TNA,WTNA,43,NA,NA,NA,yes
16r,Mund.2,16r.11,GOM,US,LA,NNE,Louisiana mid continental shelf,Continental shelf,NA,Demersal,29.004899,-89.155282,"((-89.0643505988,29.2137091079),(-88.8450695002999,29.2279223614),(-88.8258227723,29.026168497),(-89.0882033814999,28.8452512894999),(-89.2651013879,28.9076033085999),(-89.2551728601,29.0609240273999),(-89.0643505988,29.2137091079))",Inferred from station locations,high,Louisiana continental shelf,Gulf/Ocean waters,18.188,54.564,36.376,18.188,54.564,36.376,CDST,1970,7,NA,0:00,summer,1973,2,NA,0:00,winter,Marine,Nearshore,Subtidal,TNA,WTNA,43,NA,NA,NA,yes
16r,Mund.2,16r.12,GOM,US,MS,NNE,Mississippi inner continental shelf,Coastal waters,NA,Demersal,29.961948,-88.907595,"((-88.8814792650999,29.6085013016999),(-89.0484487437,29.6983264371999),(-89.1200070917,30.2218473492999),(-88.8814792650999,30.3111201655),(-88.7065588589999,30.2149768485999),(-88.6951819581999,29.7086788706),(-88.8814792650999,29.6085013016999))",Inferred from station locations,high,Mississippi coastal waters,Gulf/Ocean waters,9.094,18.188,13.641,9.094,18.188,13.641,CDST,1970,7,NA,0:00,summer,1973,2,NA,0:00,winter,Marine,Nearshore,Subtidal,TNA,WTNA,43,NA,NA,NA,yes
16r,Mund.3,16r.13,GOM,US,TX,WNW,Texas inner continental shelf,Coastal waters,NA,Demersal,28.203419,-96.48071,"((-96.3369293857,28.3072004885999),(-96.3349538542999,28.2204240896),(-96.5168968309999,28.0756361679),(-96.7932495589,27.909722158),(-96.917980013,27.9545015548),(-96.8938510549999,28.0380571954),(-96.6870590908,28.1908721705),(-96.4411443224,28.3237913717999),(-96.3369293857,28.3072004885999))",Inferred from station locations,high,Texas coastal waters,Gulf/Ocean waters,9.094,18.188,13.641,9.094,18.188,13.641,CDST,1970,7,NA,0:00,summer,1973,2,NA,0:00,winter,Marine,Nearshore,Subtidal,TNA,WTNA,43,NA,NA,NA,yes
16r,Mund.3,16r.14,GOM,US,TX,NNW,Texas mid continental shelf,Continental shelf,NA,Demersal,29.271711,-94.647084,"((-94.4123474839,29.3129233499999),(-94.5353048679999,29.1812580478),(-94.7131612308999,29.1791853155),(-94.7253299162999,29.2495500946999),(-94.7029740282,29.3421592820999),(-94.524126924,29.4103438451),(-94.4123474839,29.3129233499999))",Inferred from station locations,high,Texas continental shelf,Gulf/Ocean waters,18.188,54.564,36.376,18.188,54.564,36.376,CDST,1970,7,NA,0:00,summer,1973,2,NA,0:00,winter,Marine,Nearshore,Subtidal,TNA,WTNA,43,NA,NA,NA,yes
16r,Mund.3,16r.15,GOM,US,LA,NNW,Louisiana mid continental shelf,Continental shelf,NA,Demersal,29.490015,-93.161911,"((-93.4007435505999,29.5222620776999),(-93.3169089704999,29.6243402981),(-93.1045280342,29.6340566488),(-92.8977360699,29.5076710541),(-93.0151044821,29.3519027301),(-93.3169089704999,29.3616452463),(-93.4007435505999,29.5222620776999))",Inferred from station locations,high,Louisiana continental shelf,Gulf/Ocean waters,18.188,54.564,36.376,18.188,54.564,36.376,CDST,1970,7,NA,0:00,summer,1973,2,NA,0:00,winter,Marine,Nearshore,Subtidal,TNA,WTNA,43,NA,NA,NA,yes
16r,Mund.3,16r.16,GOM,US,LA,NNE,Louisiana mid continental shelf,Continental shelf,NA,Demersal,29.167662,-89.856345,"((-89.7560812958,29.0956678462),(-89.8991979917999,29.0539738579999),(-90.0025600498999,29.1512335739),(-89.9469035571,29.2553383165),(-89.7958359336,29.2692109565999),(-89.7083757304999,29.185946901),(-89.7560812958,29.0956678462))",Inferred from station locations,high,Louisiana continental shelf,Gulf/Ocean waters,18.188,54.564,36.376,18.188,54.564,36.376,CDST,1970,7,NA,0:00,summer,1973,2,NA,0:00,winter,Marine,Nearshore,Subtidal,TNA,WTNA,43,NA,NA,NA,yes
16r,Mund.3,16r.17,GOM,US,LA,NNE,Louisiana mid continental shelf,Continental shelf,NA,Demersal,29.004899,-89.155282,"((-89.0643505988,29.2137091079),(-88.8450695002999,29.2279223614),(-88.8258227723,29.026168497),(-89.0882033814999,28.8452512894999),(-89.2651013879,28.9076033085999),(-89.2551728601,29.0609240273999),(-89.0643505988,29.2137091079))",Inferred from station locations,high,Louisiana continental shelf,Gulf/Ocean waters,18.188,54.564,36.376,18.188,54.564,36.376,CDST,1970,7,NA,0:00,summer,1973,2,NA,0:00,winter,Marine,Nearshore,Subtidal,TNA,WTNA,43,NA,NA,NA,yes
16r,Mund.3,16r.18,GOM,US,MS,NNE,Mississippi inner continental shelf,Coastal waters,NA,Demersal,29.961948,-88.907595,"((-88.8814792650999,29.6085013016999),(-89.0484487437,29.6983264371999),(-89.1200070917,30.2218473492999),(-88.8814792650999,30.3111201655),(-88.7065588589999,30.2149768485999),(-88.6951819581999,29.7086788706),(-88.8814792650999,29.6085013016999))",Inferred from station locations,high,Mississippi coastal waters,Gulf/Ocean waters,9.094,18.188,13.641,9.094,18.188,13.641,CDST,1970,7,NA,0:00,summer,1973,2,NA,0:00,winter,Marine,Nearshore,Subtidal,TNA,WTNA,43,NA,NA,NA,yes
16r,Mund.4,16r.19,GOM,US,TX,WNW,Texas inner continental shelf,Coastal waters,NA,Demersal,28.203419,-96.48071,"((-96.3369293857,28.3072004885999),(-96.3349538542999,28.2204240896),(-96.5168968309999,28.0756361679),(-96.7932495589,27.909722158),(-96.917980013,27.9545015548),(-96.8938510549999,28.0380571954),(-96.6870590908,28.1908721705),(-96.4411443224,28.3237913717999),(-96.3369293857,28.3072004885999))",Inferred from station locations,high,Texas coastal waters,Gulf/Ocean waters,9.094,18.188,13.641,9.094,18.188,13.641,CDST,1970,7,NA,0:00,summer,1973,2,NA,0:00,winter,Marine,Nearshore,Subtidal,TNA,WTNA,43,NA,NA,NA,yes
16r,Mund.4,16r.20,GOM,US,TX,NNW,Texas inner continental shelf,Continental shelf,NA,Demersal,29.271711,-94.647084,"((-94.4123474839,29.3129233499999),(-94.5353048679999,29.1812580478),(-94.7131612308999,29.1791853155),(-94.7253299162999,29.2495500946999),(-94.7029740282,29.3421592820999),(-94.524126924,29.4103438451),(-94.4123474839,29.3129233499999))",Inferred from station locations,high,Texas continental shelf,Gulf/Ocean waters,18.188,54.564,36.376,18.188,54.564,36.376,CDST,1970,7,NA,0:00,summer,1973,2,NA,0:00,winter,Marine,Nearshore,Subtidal,TNA,WTNA,43,NA,NA,NA,yes
16r,Mund.4,16r.21,GOM,US,LA,NNW,Louisiana mid continental shelf,Continental shelf,NA,Demersal,29.490015,-93.161911,"((-93.4007435505999,29.5222620776999),(-93.3169089704999,29.6243402981),(-93.1045280342,29.6340566488),(-92.8977360699,29.5076710541),(-93.0151044821,29.3519027301),(-93.3169089704999,29.3616452463),(-93.4007435505999,29.5222620776999))",Inferred from station locations,high,Louisiana continental shelf,Gulf/Ocean waters,18.188,54.564,36.376,18.188,54.564,36.376,CDST,1970,7,NA,0:00,summer,1973,2,NA,0:00,winter,Marine,Nearshore,Subtidal,TNA,WTNA,43,NA,NA,NA,yes
16r,Mund.4,16r.22,GOM,US,LA,NNE,Louisiana mid continental shelf,Continental shelf,NA,Demersal,29.167662,-89.856345,"((-89.7560812958,29.0956678462),(-89.8991979917999,29.0539738579999),(-90.0025600498999,29.1512335739),(-89.9469035571,29.2553383165),(-89.7958359336,29.2692109565999),(-89.7083757304999,29.185946901),(-89.7560812958,29.0956678462))",Inferred from station locations,high,Louisiana continental shelf,Gulf/Ocean waters,18.188,54.564,36.376,18.188,54.564,36.376,CDST,1970,7,NA,0:00,summer,1973,2,NA,0:00,winter,Marine,Nearshore,Subtidal,TNA,WTNA,43,NA,NA,NA,yes
16r,Mund.4,16r.23,GOM,US,LA,NNE,Louisiana mid continental shelf,Continental shelf,NA,Demersal,29.004899,-89.155282,"((-89.0643505988,29.2137091079),(-88.8450695002999,29.2279223614),(-88.8258227723,29.026168497),(-89.0882033814999,28.8452512894999),(-89.2651013879,28.9076033085999),(-89.2551728601,29.0609240273999),(-89.0643505988,29.2137091079))",Inferred from station locations,high,Louisiana continental shelf,Gulf/Ocean waters,18.188,54.564,36.376,18.188,54.564,36.376,CDST,1970,7,NA,0:00,summer,1973,2,NA,0:00,winter,Marine,Nearshore,Subtidal,TNA,WTNA,43,NA,NA,NA,yes
16r,Mund.4,16r.24,GOM,US,MS,NNE,Mississippi inner continental shelf,Coastal waters,NA,Demersal,29.961948,-88.907595,"((-88.8814792650999,29.6085013016999),(-89.0484487437,29.6983264371999),(-89.1200070917,30.2218473492999),(-88.8814792650999,30.3111201655),(-88.7065588589999,30.2149768485999),(-88.6951819581999,29.7086788706),(-88.8814792650999,29.6085013016999))",Inferred from station locations,high,Mississippi coastal waters,Gulf/Ocean waters,9.094,18.188,13.641,9.094,18.188,13.641,CDST,1970,7,NA,0:00,summer,1973,2,NA,0:00,winter,Marine,Nearshore,Subtidal,TNA,WTNA,43,NA,NA,NA,yes
16r,Mund.5,16r.25,GOM,US,TX,WNW,Texas inner continental shelf,Coastal waters,NA,Demersal,28.203419,-96.48071,"((-96.3369293857,28.3072004885999),(-96.3349538542999,28.2204240896),(-96.5168968309999,28.0756361679),(-96.7932495589,27.909722158),(-96.917980013,27.9545015548),(-96.8938510549999,28.0380571954),(-96.6870590908,28.1908721705),(-96.4411443224,28.3237913717999),(-96.3369293857,28.3072004885999))",Inferred from station locations,high,Texas coastal waters,Gulf/Ocean waters,9.094,18.188,13.641,9.094,18.188,13.641,CDST,1970,7,NA,0:00,summer,1973,2,NA,0:00,winter,Marine,Nearshore,Subtidal,TNA,WTNA,43,NA,NA,NA,yes
16r,Mund.5,16r.26,GOM,US,TX,NNW,Texas mid continental shelf,Continental shelf,NA,Demersal,29.271711,-94.647084,"((-94.4123474839,29.3129233499999),(-94.5353048679999,29.1812580478),(-94.7131612308999,29.1791853155),(-94.7253299162999,29.2495500946999),(-94.7029740282,29.3421592820999),(-94.524126924,29.4103438451),(-94.4123474839,29.3129233499999))",Inferred from station locations,high,Texas continental shelf,Gulf/Ocean waters,18.188,54.564,36.376,18.188,54.564,36.376,CDST,1970,7,NA,0:00,summer,1973,2,NA,0:00,winter,Marine,Nearshore,Subtidal,TNA,WTNA,43,NA,NA,NA,yes
16r,Mund.6,16r.27,GOM,US,LA,NNW,Louisiana mid continental shelf,Continental shelf,NA,Demersal,29.490015,-93.161911,"((-93.4007435505999,29.5222620776999),(-93.3169089704999,29.6243402981),(-93.1045280342,29.6340566488),(-92.8977360699,29.5076710541),(-93.0151044821,29.3519027301),(-93.3169089704999,29.3616452463),(-93.4007435505999,29.5222620776999))",Inferred from station locations,high,Louisiana continental shelf,Gulf/Ocean waters,18.188,54.564,36.376,18.188,54.564,36.376,CDST,1970,7,NA,0:00,summer,1973,2,NA,0:00,winter,Marine,Nearshore,Subtidal,TNA,WTNA,43,NA,NA,NA,yes
16r,Mund.7,16r.28,GOM,US,LA,NNE,Louisiana mid continental shelf,Continental shelf,NA,Demersal,29.167662,-89.856345,"((-89.7560812958,29.0956678462),(-89.8991979917999,29.0539738579999),(-90.0025600498999,29.1512335739),(-89.9469035571,29.2553383165),(-89.7958359336,29.2692109565999),(-89.7083757304999,29.185946901),(-89.7560812958,29.0956678462))",Inferred from station locations,high,Louisiana continental shelf,Gulf/Ocean waters,18.188,54.564,36.376,18.188,54.564,36.376,CDST,1970,7,NA,0:00,summer,1973,2,NA,0:00,winter,Marine,Nearshore,Subtidal,TNA,WTNA,43,NA,NA,NA,yes
16r,Mund.7,16r.29,GOM,US,LA,NNE,Louisiana mid continental shelf,Continental shelf,NA,Demersal,29.004899,-89.155282,"((-89.0643505988,29.2137091079),(-88.8450695002999,29.2279223614),(-88.8258227723,29.026168497),(-89.0882033814999,28.8452512894999),(-89.2651013879,28.9076033085999),(-89.2551728601,29.0609240273999),(-89.0643505988,29.2137091079))",Inferred from station locations,high,Louisiana continental shelf,Gulf/Ocean waters,18.188,54.564,36.376,18.188,54.564,36.376,CDST,1970,7,NA,0:00,summer,1973,2,NA,0:00,winter,Marine,Nearshore,Subtidal,TNA,WTNA,43,NA,NA,NA,yes
16r,Mund.8,16r.30,GOM,US,MS,NNE,Mississippi inner continental shelf,Coastal waters,NA,Demersal,29.961948,-88.907595,"((-88.8814792650999,29.6085013016999),(-89.0484487437,29.6983264371999),(-89.1200070917,30.2218473492999),(-88.8814792650999,30.3111201655),(-88.7065588589999,30.2149768485999),(-88.6951819581999,29.7086788706),(-88.8814792650999,29.6085013016999))",Inferred from station locations,high,Mississippi coastal waters,Gulf/Ocean waters,9.094,18.188,13.641,9.094,18.188,13.641,CDST,1970,7,NA,0:00,summer,1973,2,NA,0:00,winter,Marine,Nearshore,Subtidal,TNA,WTNA,43,NA,NA,NA,yes
