<?xml version="1.0" encoding="UTF-8" standalone="no"?>
<beans xmlns="http://www.springframework.org/schema/beans"
       xmlns:context="http://www.springframework.org/schema/context"
       xmlns:tx="http://www.springframework.org/schema/tx"
       xmlns:xsi="http://www.w3.org/2001/XMLSchema-instance"
       xmlns:datagraph="http://www.springframework.org/schema/data/graph"
       xsi:schemaLocation="
		http://www.springframework.org/schema/beans http://www.springframework.org/schema/beans/spring-beans-3.0.xsd
		http://www.springframework.org/schema/tx http://www.springframework.org/schema/tx/spring-tx-3.0.xsd
		http://www.springframework.org/schema/context http://www.springframework.org/schema/context/spring-context-3.0.xsd
		http://www.springframework.org/schema/data/graph http://www.springframework.org/schema/data/graph/datagraph-1.0.xsd">

    <context:annotation-config/>
    <context:spring-configured/>
    <context:component-scan base-package="org.trophic.graph">
        <context:exclude-filter type="annotation" expression="org.springframework.stereotype.Controller"/>
    </context:component-scan>

    <datagraph:config storeDirectory="data/graph.db"/>
    <datagraph:repositories base-package="org.trophic.graph.repository"/>

    <bean class="org.trophic.graph.movieimport.MovieDbApiClient">
        <constructor-arg value="926d2a79e82920b62f03b1cb57e532e6"/>
    </bean>
    <bean class="org.trophic.graph.movieimport.MovieDbLocalStorage">
        <constructor-arg value="data/json"/>
    </bean>

    <tx:annotation-driven mode="aspectj" transaction-manager="transactionManager"/>

    <!--import resource="applicatioContext-security.xml"/-->
</beans>